{"filename": "1_EK.jpg","curated":true, "num_detections": 16, "planes_detected": 1, "planes_shown": 1, "detection_boxes": [[0.20014174282550812, 0.04371848702430725, 0.6033312082290649, 0.9241483211517334]], "detection_scores": [0.6330426931381226], "planes": ["{\"EK\": 99.99794960021973, \"QF\": 0.001876393253041897, \"OZ\": 0.00014504227010547766, \"NH\": 2.203288715918461e-05, \"KE\": 9.354318564191999e-06, \"SQ\": 4.244182605361857e-06}"], "predicted_airline": ["Emirates"], "predicted_prob": [99.99794960021973]}