{"filename": "20170908_235842317_iOS.jpg", "num_detections": 12, "planes_detected": 5, "planes_shown": 0, "detection_boxes": [[0.5188280344009399, 0.019679337739944458, 0.7735358476638794, 0.9311788082122803], [0.4084030091762543, 0.03157636523246765, 0.7251687049865723, 0.9318665266036987], [0.45008689165115356, 0.019911885261535645, 0.6863009333610535, 0.6284592747688293], [0.477403461933136, 0.17979192733764648, 0.6660557389259338, 0.8977930545806885], [0.5456357002258301, 0.34666895866394043, 0.7445251941680908, 0.9535828828811646]], "detection_scores": [0.5614596009254456, 0.5059073567390442, 0.34679198265075684, 0.3356782793998718, 0.31338900327682495], "planes": ["{\"SQ\": 99.9506950378418, \"OZ\": 0.04054625169374049, \"QF\": 0.0056065058743115515, \"NH\": 0.003132464917143807, \"EK\": 1.3101713136620674e-05, \"KE\": 7.675424029685018e-06}"], "predicted_airline": ["Singapore Airlines"], "predicted_prob": [99.9506950378418]}