{"filename": "20170228_040353446_iOS.jpg", "num_detections": 43, "planes_detected": 32, "planes_shown:": 2, "detection_boxes": [[0.26609545946121216, 0.015710681676864624, 0.858813464641571, 0.957688570022583], [0.24739223718643188, 0.5243964195251465, 0.43986183404922485, 0.935660719871521], [0.41446176171302795, 0.017674386501312256, 0.9752761125564575, 0.885054349899292], [0.23111538589000702, 0.618787407875061, 0.3613373637199402, 0.8458211421966553], [0.3255510628223419, 0.08032828569412231, 0.6637871265411377, 0.8571330308914185], [0.2451968938112259, 0.43229368329048157, 0.5156006217002869, 0.9512467384338379], [0.2607586979866028, 0.6504726409912109, 0.3896462917327881, 0.8712776899337769], [0.30365821719169617, 0.30131620168685913, 0.7440183162689209, 0.9529723525047302], [0.2527802884578705, 0.06328252702951431, 0.3453325927257538, 0.2813451290130615], [0.24499350786209106, 0.6775504350662231, 0.4061964750289917, 0.9306285381317139], [0.2398565113544464, 0.7047799825668335, 0.35126134753227234, 0.8862346410751343], [0.2808645963668823, 0.5934564471244812, 0.39022862911224365, 0.8409779667854309], [0.46978452801704407, 0.03946760296821594, 0.6544305086135864, 0.552452564239502], [0.4083946943283081, 0.2884300947189331, 0.9067395925521851, 0.9438790082931519], [0.2790331542491913, 0.7188969850540161, 0.45711663365364075, 0.9646849632263184], [0.280699223279953, 0.07046309113502502, 0.38315173983573914, 0.28358447551727295], [0.2974584698677063, 0.5528146624565125, 0.3986201286315918, 0.7836090922355652], [0.2586069703102112, 0.007212832570075989, 0.44154244661331177, 0.2894478440284729], [0.2687203288078308, 0.3516605496406555, 0.5457102656364441, 0.8349116444587708], [0.16791623830795288, 0.3457571566104889, 0.5427075624465942, 0.9776283502578735], [0.27443650364875793, 0.7368803024291992, 0.39822062849998474, 0.95780348777771], [0.08699275553226471, 0.02204149216413498, 0.33791255950927734, 0.2451256811618805], [0.24313706159591675, 0.43921077251434326, 0.8655782341957092, 0.9780293703079224], [0.28833019733428955, 0.686004102230072, 0.38738805055618286, 0.9024198651313782], [0.24193152785301208, 0.7859196662902832, 0.34209558367729187, 0.9498250484466553], [0.3107607364654541, 0.023472696542739868, 0.6073562502861023, 0.5787795782089233], [0.5960979461669922, 0.6900699734687805, 0.7988523244857788, 0.9229877591133118], [0.3040492832660675, 0.5167388916015625, 0.4011422097682953, 0.7167401313781738], [0.5526639819145203, 0.5547431707382202, 0.9414554238319397, 0.9485243558883667], [0.23967640101909637, 0.7904147505760193, 0.33458104729652405, 0.8454472422599792], [0.3240235149860382, 0.7511734366416931, 0.4451368749141693, 0.9579667448997498], [0.28887641429901123, 0.45235490798950195, 0.5033850073814392, 0.7681219577789307]], "detection_scores": [0.7166061997413635, 0.6101922988891602, 0.5122902989387512, 0.4681025743484497, 0.4611634910106659, 0.46107998490333557, 0.44736313819885254, 0.4282667934894562, 0.42540961503982544, 0.4181670844554901, 0.4137110114097595, 0.40368276834487915, 0.4008643329143524, 0.3960854411125183, 0.3952149450778961, 0.3943193852901459, 0.3813204765319824, 0.35877811908721924, 0.35689565539360046, 0.35591748356819153, 0.3557532727718353, 0.3524925112724304, 0.3513709306716919, 0.3510626256465912, 0.34418150782585144, 0.331668883562088, 0.3301827609539032, 0.32193613052368164, 0.32007455825805664, 0.31990039348602295, 0.3151962161064148, 0.30191755294799805]}