{"filename": "20170329_060359039_iOS.jpg", "num_detections": 1, "planes_detected": 1, "planes_shown:": 1, "detection_boxes": [[0.4061790704727173, 0.16584685444831848, 0.6101357936859131, 0.8036768436431885]], "detection_scores": [0.7562293410301208]}