{"filename": "20170410_000152282_iOS.jpg", "num_detections": 5, "planes_detected": 5, "planes_shown:": 1, "detection_boxes": [[0.0373726487159729, 0.0, 0.9310579895973206, 0.9935570955276489], [0.11901362240314484, 0.4634849727153778, 0.5547186136245728, 0.9582403898239136], [0.45077890157699585, 0.004939138889312744, 0.9703728556632996, 1.0], [0.07250773161649704, 0.07011163234710693, 0.12529133260250092, 0.1751006841659546], [0.6901564598083496, 0.004441246390342712, 0.7432328462600708, 0.08586671203374863]], "detection_scores": [0.7773581147193909, 0.5092484951019287, 0.43193548917770386, 0.3439170718193054, 0.3209671378135681]}