{"filename": "20181009_093517810_iOS.jpg", "num_detections": 14, "planes_detected": 9, "planes_shown:": 2, "detection_boxes": [[0.11938272416591644, 0.08847129344940186, 0.5235292315483093, 0.9680416584014893], [0.18096671998500824, 0.0, 0.381428062915802, 0.19945642352104187], [0.1917763352394104, 0.3716640770435333, 0.534777045249939, 0.966606616973877], [0.11691306531429291, 0.15562663972377777, 0.35206466913223267, 0.5908995270729065], [0.16346389055252075, 0.05880981683731079, 0.3484858274459839, 0.2012852430343628], [0.18319952487945557, 0.007259160280227661, 0.30499523878097534, 0.20403851568698883], [0.2510356307029724, 0.28507351875305176, 0.3412269949913025, 0.5363048911094666], [0.10962957888841629, 0.001218639314174652, 0.3255067467689514, 0.18943774700164795], [0.09905920922756195, 0.05297738313674927, 0.4351807236671448, 0.6008005142211914]], "detection_scores": [0.6613849401473999, 0.6446965932846069, 0.440572053194046, 0.4244075417518616, 0.39377227425575256, 0.37040942907333374, 0.3666439950466156, 0.30776873230934143, 0.30325186252593994]}