{"filename": "20181009_093743913_iOS.jpg", "num_detections": 3, "planes_detected": 2, "planes_shown:": 1, "detection_boxes": [[0.327822208404541, 0.041842758655548096, 0.6922211647033691, 0.8633285760879517], [0.41761839389801025, 0.23366796970367432, 0.6824043989181519, 0.8482986688613892]], "detection_scores": [0.7681444883346558, 0.47242292761802673]}