{"filename": "20181009_093249039_iOS.jpg", "num_detections": 15, "planes_detected": 8, "planes_shown:": 2, "detection_boxes": [[0.33293989300727844, 0.06862519681453705, 0.5675058364868164, 0.46919363737106323], [0.3386950194835663, 0.5449942350387573, 0.6345572471618652, 0.9940760135650635], [0.334494411945343, 0.05052146315574646, 0.5341110229492188, 0.3175993859767914], [0.4180918335914612, 0.669485867023468, 0.6198499798774719, 0.9788828492164612], [0.3443297743797302, 0.293436199426651, 0.6624574065208435, 0.9729613065719604], [0.49530309438705444, 0.7292566299438477, 0.6213786005973816, 0.9770239591598511], [0.41098830103874207, 0.022761672735214233, 0.49406054615974426, 0.11273445188999176], [0.3491135537624359, 0.09576088935136795, 0.528955340385437, 0.2678939700126648]], "detection_scores": [0.8514871001243591, 0.7214868664741516, 0.47557011246681213, 0.436689555644989, 0.36143958568573, 0.32661229372024536, 0.32390347123146057, 0.3185887634754181]}