{"filename": "20181009_082946364_iOS.jpg", "num_detections": 27, "planes_detected": 4, "planes_shown": 1, "detection_boxes": [[0.21329766511917114, 0.02264121174812317, 0.716320812702179, 0.9715288877487183], [0.30829286575317383, 0.26170113682746887, 0.701926589012146, 0.9998536109924316], [0.4152393937110901, 0.04657691717147827, 0.8759885430335999, 1.0], [0.5318295955657959, 0.0464082807302475, 0.7231086492538452, 0.4384206533432007]], "detection_scores": [0.7605538964271545, 0.34982550144195557, 0.3265681862831116, 0.3195214569568634], "planes": ["{\"SQ\": 85.45697331428528, \"KE\": 6.779603660106659, \"QF\": 6.188149005174637, \"NH\": 1.5409828163683414, \"EK\": 0.0195597080164589, \"OZ\": 0.014732232375536114}"], "predicted_airline": ["Singapore Airlines"], "predicted_prob": [85.45697331428528]}