{"filename": "20180807_041352707_iOS.jpg", "num_detections": 37, "planes_detected": 28, "planes_shown:": 2, "detection_boxes": [[0.4362589716911316, 0.24674753844738007, 0.6396954655647278, 0.7174680233001709], [0.17568731307983398, 0.6731955409049988, 0.6819555759429932, 1.0], [0.55113685131073, 0.5702048540115356, 0.6451826095581055, 0.7866761684417725], [0.5005948543548584, 0.10628926753997803, 0.6129934787750244, 0.2846085727214813], [0.4910304546356201, 0.14947658777236938, 0.6134676933288574, 0.3213478922843933], [0.4731544852256775, 0.37917888164520264, 0.6416502594947815, 0.8058253526687622], [0.2608845829963684, 0.418926864862442, 0.662341833114624, 0.9748986959457397], [0.43827325105667114, 0.05195905268192291, 0.6261228919029236, 0.5266067385673523], [0.5446216464042664, 0.006437346339225769, 0.616007387638092, 0.07620928436517715], [0.4286453127861023, 0.007629871368408203, 0.9238560795783997, 0.7379996180534363], [0.41271206736564636, 0.05652019381523132, 0.6472268104553223, 0.6992192268371582], [0.4469553530216217, 0.08876173198223114, 0.6261760592460632, 0.31342869997024536], [0.43628719449043274, 0.17639191448688507, 0.6215190887451172, 0.44933003187179565], [0.2895168364048004, 0.052596330642700195, 0.8319469690322876, 1.0], [0.5534740090370178, 0.016935978084802628, 0.5996419787406921, 0.08660781383514404], [0.447997123003006, 0.17540818452835083, 0.6085824966430664, 0.3067692518234253], [0.5164724588394165, 0.04598831385374069, 0.6129604578018188, 0.2295284867286682], [0.324105441570282, 0.11654296517372131, 0.66465824842453, 0.9499266147613525], [0.43326902389526367, 0.26833292841911316, 0.6330493688583374, 0.5476464033126831], [0.5312127470970154, 0.08120688796043396, 0.6073995232582092, 0.19957885146141052], [0.4298197627067566, 0.15102820098400116, 0.618649423122406, 0.3497958779335022], [0.5299160480499268, 0.0069557614624500275, 0.613054633140564, 0.12854169309139252], [0.6250219941139221, 0.8880019783973694, 0.657008945941925, 0.9257412552833557], [0.5543213486671448, 0.09222877770662308, 0.5876805186271667, 0.15802988409996033], [0.5544776320457458, 0.1302170306444168, 0.5851585268974304, 0.18850241601467133], [0.5157307982444763, 0.5283321738243103, 0.6331034302711487, 0.7682960629463196], [0.5701062679290771, 6.699562072753906e-05, 0.6261833906173706, 0.09009649604558945], [0.4388808608055115, 0.20602568984031677, 0.5966481566429138, 0.3548155128955841]], "detection_scores": [0.7147914171218872, 0.6011450886726379, 0.5303643941879272, 0.520548939704895, 0.5062989592552185, 0.5027654767036438, 0.47949424386024475, 0.4642648696899414, 0.45134735107421875, 0.4375753402709961, 0.43551626801490784, 0.40116167068481445, 0.400939404964447, 0.4008437693119049, 0.39548712968826294, 0.3914724588394165, 0.389059841632843, 0.3777254521846771, 0.36972320079803467, 0.357811838388443, 0.3458918035030365, 0.33702191710472107, 0.3324999213218689, 0.3231258988380432, 0.3137105405330658, 0.3113638758659363, 0.30998915433883667, 0.30919182300567627]}