{"filename": "4_ANA.jpg","curated":true, "num_detections": 27, "planes_detected": 6, "planes_shown": 2, "detection_boxes": [[0.3409525752067566, 0.0695960521697998, 0.5974934697151184, 0.7098472714424133], [0.23677891492843628, 0.45883452892303467, 0.3236203193664551, 0.7197567224502563], [0.6512646675109863, 0.0, 0.8120131492614746, 0.2745135426521301], [0.7148776054382324, 0.05259837210178375, 0.8002104759216309, 0.1461058109998703], [0.6643103361129761, 0.03999914973974228, 0.7677085399627686, 0.2277509570121765], [0.35698989033699036, 0.01742151379585266, 0.6344687938690186, 0.5550990104675293]], "detection_scores": [0.7818609476089478, 0.736104428768158, 0.34753090143203735, 0.3233395218849182, 0.32278475165367126, 0.3152593970298767], "planes": ["{\"NH\": 99.99995231628418, \"KE\": 4.919613729725825e-05, \"SQ\": 1.7489780290702583e-06, \"QF\": 8.596461320564686e-07, \"EK\": 4.537780151636639e-08, \"OZ\": 4.148191512509669e-08}", "{\"NH\": 98.1023371219635, \"KE\": 1.105211116373539, \"SQ\": 0.515696732327342, \"QF\": 0.2384764375165105, \"EK\": 0.028463403577916324, \"OZ\": 0.009817055251915008}"], "predicted_airline": ["ANA", "ANA"], "predicted_prob": [99.99995231628418, 98.1023371219635]}