{"filename": "5_Qantas.jpg","curated":true, "num_detections": 27, "planes_detected": 8, "planes_shown": 2, "detection_boxes": [[0.354958176612854, 0.06165659427642822, 0.7897855043411255, 0.8786290287971497], [0.6241591572761536, 0.005908861756324768, 0.6924305558204651, 0.15373413264751434], [0.4115169644355774, 0.08217072486877441, 0.7943275570869446, 0.5715526938438416], [0.6341361999511719, 0.09174760431051254, 0.6882258653640747, 0.21144676208496094], [0.5758097171783447, 0.0005150213837623596, 0.6932277679443359, 0.1534523069858551], [0.6781888008117676, 0.1051337718963623, 0.707939863204956, 0.16631299257278442], [0.6656837463378906, 0.06001918762922287, 0.6989294290542603, 0.1350138783454895], [0.6055511832237244, 0.03778247535228729, 0.7007002234458923, 0.1910383552312851]], "detection_scores": [0.7548723220825195, 0.6018416285514832, 0.36194562911987305, 0.3492024540901184, 0.3233341872692108, 0.3067989647388458, 0.30641859769821167, 0.3056216239929199], "planes": ["{\"QF\": 99.99998807907104, \"SQ\": 1.4066721121253067e-05, \"EK\": 8.641739768222578e-07, \"NH\": 4.4557377232301576e-08, \"KE\": 2.512634822426918e-08, \"OZ\": 6.58494255217218e-11}", "{\"QF\": 99.25757646560669, \"OZ\": 0.5118798464536667, \"KE\": 0.12285854900255799, \"EK\": 0.08803063537925482, \"NH\": 0.01083579336409457, \"SQ\": 0.008810135477688164}"], "predicted_airline": ["Qantas", "Qantas"], "predicted_prob": [99.99998807907104, 99.25757646560669]}