{"filename": "6_KAL.jpg","curated":true, "num_detections": 4, "planes_detected": 3, "planes_shown": 1, "detection_boxes": [[0.29650256037712097, 0.11471280455589294, 0.5683350563049316, 0.9596198797225952], [0.2693191170692444, 0.45068085193634033, 0.5760235786437988, 0.9975601434707642], [0.3747250735759735, 0.1484595239162445, 0.5611900091171265, 0.8170850276947021]], "detection_scores": [0.4759032726287842, 0.3688248097896576, 0.32857176661491394], "planes": ["{\"KE\": 99.99985694885254, \"QF\": 0.00010461918691362371, \"OZ\": 2.2482642236809625e-05, \"NH\": 7.1622807240601105e-06, \"SQ\": 2.288198430733246e-06, \"EK\": 6.184106560169766e-08}"], "predicted_airline": ["Korean Air"], "predicted_prob": [99.99985694885254]}