{"filename": "Asiana1_A330_OZ.jpg", "num_detections": 76, "planes_detected": 4, "planes_shown:": 1, "detection_boxes": [[0.32648056745529175, 0.07699614763259888, 0.6270411610603333, 0.878737211227417], [0.32639768719673157, 0.38113442063331604, 0.634036660194397, 0.9150295257568359], [0.41944336891174316, 0.21460241079330444, 0.6323133707046509, 0.8703810572624207], [0.4074383080005646, 0.0012140944600105286, 0.505905032157898, 0.14198490977287292]], "detection_scores": [0.8470944762229919, 0.439424604177475, 0.37386947870254517, 0.31240352988243103]}