{"filename": "Asiana2_B767_OZ.jpg", "num_detections": 32, "planes_detected": 9, "planes_shown:": 2, "detection_boxes": [[0.17734132707118988, 0.824336588382721, 0.27212464809417725, 1.0], [0.08081284165382385, 0.09025031328201294, 0.6477160453796387, 0.9948931336402893], [0.14967378973960876, 0.41202864050865173, 0.28242936730384827, 0.6033732891082764], [0.159653902053833, 0.7972578406333923, 0.2431095540523529, 0.9847020506858826], [0.22401480376720428, 0.779477596282959, 0.2477915734052658, 0.823495626449585], [0.5994549989700317, 0.028557509183883667, 0.9804747104644775, 0.9553011655807495], [0.20887160301208496, 0.7600730061531067, 0.2533196806907654, 0.839302122592926], [0.8675140142440796, 0.33410030603408813, 1.0, 0.9136355519294739], [0.18721655011177063, 0.007151812314987183, 0.7660109996795654, 0.7730923891067505]], "detection_scores": [0.7521483302116394, 0.6281453967094421, 0.46800732612609863, 0.35607507824897766, 0.3339731991291046, 0.3288881182670593, 0.32426685094833374, 0.30708056688308716, 0.30044737458229065]}