{"filename": "EK-1778749.jpg", "num_detections": 7, "planes_detected": 5, "planes_shown:": 1, "detection_boxes": [[0.2070304900407791, 0.04758468270301819, 0.6337145566940308, 0.9644012451171875], [0.490934818983078, 0.8206451535224915, 0.5879372358322144, 0.9966767430305481], [0.4984418451786041, 0.9447429776191711, 0.5729954838752747, 0.9902984499931335], [0.45890969038009644, 0.4834083318710327, 0.6108414530754089, 0.9512965679168701], [0.5208162069320679, 0.80522620677948, 0.5806822776794434, 0.9485441446304321]], "detection_scores": [0.7967011332511902, 0.3924159109592438, 0.36001572012901306, 0.3524778485298157, 0.338419109582901]}