{"filename": "KE-0047034.jpg", "num_detections": 5, "planes_detected": 4, "planes_shown": 1, "detection_boxes": [[0.3401866853237152, 0.04182448983192444, 0.6823585033416748, 0.9381176233291626], [0.441802978515625, 0.1610076129436493, 0.653878927230835, 0.9049670696258545], [0.19103196263313293, 0.015314489603042603, 0.7106858491897583, 0.9996687173843384], [0.44634413719177246, 0.4781187176704407, 0.6571207046508789, 0.964242160320282]], "detection_scores": [0.7578369379043579, 0.5702295303344727, 0.3939596712589264, 0.3567917048931122], "planes": ["{\"KE\": 99.99874830245972, \"QF\": 0.0011324184015393257, \"SQ\": 6.75988019338547e-05, \"NH\": 3.4803784387804626e-05, \"OZ\": 9.905644304808447e-06, \"EK\": 2.8741228841333566e-08}"], "predicted_airline": ["Korean Air"], "predicted_prob": [99.99874830245972]}