{"filename": "Korea1_B747_KE.jpg", "num_detections": 9, "planes_detected": 1, "planes_shown:": 1, "detection_boxes": [[0.09207308292388916, 0.03411072492599487, 0.7744430899620056, 0.9562831521034241]], "detection_scores": [0.7252333760261536]}