{"filename": "SIA_and_EK.jpg","curated":true, "num_detections": 14, "planes_detected": 7, "planes_shown": 2, "detection_boxes": [[0.2725503742694855, 0.031279057264328, 0.7735744714736938, 0.915772557258606], [0.36158663034439087, 0.10322204232215881, 0.5339034199714661, 0.6389994621276855], [0.3511193096637726, 0.27064889669418335, 0.542427659034729, 0.688389003276825], [0.32653748989105225, 0.06999117136001587, 0.6570119261741638, 0.8629603981971741], [0.2499917447566986, 0.3479199707508087, 0.7590140104293823, 0.9787755012512207], [0.3405788242816925, 0.14061406254768372, 0.45665135979652405, 0.3452204465866089], [0.3455866873264313, 0.12383034825325012, 0.5177457928657532, 0.4875951111316681]], "detection_scores": [0.7940431237220764, 0.7454475164413452, 0.4657772481441498, 0.4595816731452942, 0.4291178286075592, 0.4208889603614807, 0.3360272943973541], "planes": ["{\"EK\": 99.98646974563599, \"QF\": 0.01350452657788992, \"OZ\": 1.5539647790774325e-05, \"KE\": 6.378881778346113e-06, \"NH\": 1.5811863818271377e-06, \"SQ\": 1.4923532631883063e-06}", "{\"SQ\": 92.7358329296112, \"OZ\": 2.880541980266571, \"NH\": 1.8850874155759811, \"EK\": 1.5238291583955288, \"QF\": 0.8251076564192772, \"KE\": 0.14959911350160837}"], "predicted_airline": ["Emirates", "Singapore Airlines"], "predicted_prob": [99.98646974563599, 92.7358329296112]}