{"filename": "20161114_055535097_iOS.jpg", "num_detections": 3, "planes_detected": 1, "planes_shown:": 1, "detection_boxes": [[0.02704387903213501, 0.01041024923324585, 0.5919835567474365, 0.9715238809585571]], "detection_scores": [0.629482626914978]}