{"filename": "20161110_083754441_iOS.jpg", "num_detections": 15, "planes_detected": 11, "planes_shown": 3, "detection_boxes": [[0.1736324429512024, 0.03911289572715759, 1.0, 0.9684178829193115], [0.3430125415325165, 0.7638421654701233, 0.4610733091831207, 0.9884124398231506], [0.3908798098564148, 0.7705197930335999, 0.48052978515625, 0.9787507653236389], [0.5242575407028198, 0.0855577290058136, 1.0, 0.9773133993148804], [0.41062504053115845, 0.7600964307785034, 0.4548472762107849, 0.8416541814804077], [0.40536972880363464, 0.7507684230804443, 0.47976478934288025, 0.9157499074935913], [0.42905107140541077, 0.3487127125263214, 0.9857624769210815, 0.9596538543701172], [0.23580431938171387, 0.1907845437526703, 0.2618478238582611, 0.226753830909729], [0.23778186738491058, 0.08762433379888535, 0.26020511984825134, 0.10904087871313095], [0.4081812798976898, 0.951831579208374, 0.46084001660346985, 0.9988799095153809], [0.6675900220870972, 0.49174007773399353, 0.9916336536407471, 1.0]], "detection_scores": [0.6735982894897461, 0.6413658857345581, 0.6173612475395203, 0.5500250458717346, 0.4686901569366455, 0.4170684516429901, 0.3911111652851105, 0.36670953035354614, 0.35859915614128113, 0.32637476921081543, 0.3156382739543915], "planes": [{"Airline_2": "NH", "ProbAir_2": 