{"filename": "20170909_004927424_iOS.jpg", "num_detections": 5, "planes_detected": 4, "planes_shown:": 1, "detection_boxes": [[0.2575572431087494, 0.3766530156135559, 0.4846312701702118, 0.823302686214447], [0.3893393874168396, 0.3921307623386383, 0.48269379138946533, 0.6078466176986694], [0.35429221391677856, 0.41383904218673706, 0.45728814601898193, 0.7194392085075378], [0.32029348611831665, 0.3927724361419678, 0.48620426654815674, 0.7314084768295288]], "detection_scores": [0.7959785461425781, 0.37645912170410156, 0.3154292106628418, 0.31371408700942993]}