{"filename": "20180806_181005903_iOS.jpg", "num_detections": 6, "planes_detected": 3, "planes_shown:": 1, "detection_boxes": [[0.26756376028060913, 0.09155300259590149, 0.7628504633903503, 0.8735980987548828], [0.3878785967826843, 0.27376049757003784, 0.7544732689857483, 0.7141438126564026], [0.29461169242858887, 0.2369958907365799, 0.6828751564025879, 0.7360845804214478]], "detection_scores": [0.8046063184738159, 0.42978987097740173, 0.3405033349990845]}