{"filename": "20180807_055906352_iOS.jpg", "num_detections": 7, "planes_detected": 2, "planes_shown:": 0, "detection_boxes": [[0.08939912915229797, 0.019793212413787842, 0.6321080923080444, 0.9319786429405212], [0.31436532735824585, 0.18256911635398865, 0.6316741108894348, 0.974891185760498]], "detection_scores": [0.5831190943717957, 0.38907232880592346]}