{"filename": "20180806_181347317_iOS.jpg", "num_detections": 4, "planes_detected": 2, "planes_shown:": 1, "detection_boxes": [[0.2776343822479248, 0.11456272006034851, 0.7260249853134155, 0.869310736656189], [0.43888166546821594, 0.047713473439216614, 0.5399796962738037, 0.3238954544067383]], "detection_scores": [0.8101646900177002, 0.42060261964797974]}