{"filename": "20180807_040042598_iOS.jpg", "num_detections": 26, "planes_detected": 7, "planes_shown:": 2, "detection_boxes": [[0.2659887373447418, 0.028516694903373718, 0.6393482685089111, 0.5249887108802795], [0.3557429313659668, 0.08715841174125671, 0.6456338167190552, 0.699509859085083], [0.3574906587600708, 0.5103505253791809, 0.6116504073143005, 0.7696129679679871], [0.35142502188682556, 0.34712842106819153, 0.6218007802963257, 0.7725578546524048], [0.5599609613418579, 0.28315579891204834, 0.6522856950759888, 0.5071531534194946], [0.5035991668701172, 0.31100958585739136, 0.6094886064529419, 0.532020092010498], [0.29774922132492065, 0.04872509837150574, 0.7097305655479431, 0.7947622537612915]], "detection_scores": [0.7277792096138, 0.7092669010162354, 0.5873442888259888, 0.48460638523101807, 0.3366765081882477, 0.3271608054637909, 0.31323909759521484]}