{"filename": "20181009_093522514_iOS.jpg", "num_detections": 7, "planes_detected": 7, "planes_shown:": 1, "detection_boxes": [[0.3721745014190674, 0.4697774648666382, 0.5936390161514282, 0.9929897785186768], [0.38530677556991577, 0.35301148891448975, 0.6164464354515076, 0.9013519287109375], [0.39346545934677124, 0.4097372591495514, 0.5154280662536621, 0.582968533039093], [0.39310210943222046, 0.4841262698173523, 0.6023635268211365, 0.8131483197212219], [0.4900439977645874, 0.7338764071464539, 0.5879920721054077, 0.9782955050468445], [0.38689297437667847, 0.3972659707069397, 0.5828647017478943, 0.7521557211875916], [0.3833596408367157, 0.40275347232818604, 0.5507485866546631, 0.616316556930542]], "detection_scores": [0.7357453107833862, 0.4579247534275055, 0.3553139269351959, 0.3140682578086853, 0.3118698000907898, 0.3093988299369812, 0.30765262246131897]}