{"filename": "20181009_093210300_iOS.jpg", "num_detections": 17, "planes_detected": 5, "planes_shown": 1, "detection_boxes": [[0.2339598536491394, 0.11428573727607727, 0.6797432899475098, 0.9466489553451538], [0.13306421041488647, 0.538435161113739, 0.6480669975280762, 0.9736760258674622], [0.4641413390636444, 0.16878795623779297, 0.674240231513977, 0.8291771411895752], [0.35391587018966675, 0.09182453155517578, 0.6744230389595032, 0.8111696243286133], [0.12198895215988159, 0.7375245094299316, 0.6541246771812439, 0.9643757343292236]], "detection_scores": [0.696410059928894, 0.4463293254375458, 0.4027036130428314, 0.31497639417648315, 0.3033854067325592]}