{"filename": "20180807_055819090_iOS.jpg", "num_detections": 14, "planes_detected": 2, "planes_shown:": 1, "detection_boxes": [[0.030284404754638672, 0.025694340467453003, 0.5817906856536865, 0.9285753965377808], [0.1527700424194336, 0.008321523666381836, 0.5516242980957031, 0.423356294631958]], "detection_scores": [0.6990441679954529, 0.3255259394645691]}