{"filename": "20181011_123934381_iOS.jpg", "num_detections": 33, "planes_detected": 7, "planes_shown:": 1, "detection_boxes": [[0.36254799365997314, 0.06979542970657349, 0.6181666254997253, 0.8470808267593384], [0.4958403408527374, 0.015230149030685425, 0.9882147312164307, 0.9972976446151733], [0.40521013736724854, 0.009601771831512451, 0.6523993015289307, 0.5288063287734985], [0.43970727920532227, 0.14003759622573853, 0.6354150772094727, 0.8650978207588196], [0.39072418212890625, 0.017659306526184082, 0.6330971717834473, 0.35057753324508667], [0.2857882082462311, 0.07674726843833923, 0.727275013923645, 0.885575532913208], [0.7328217029571533, 0.3255411684513092, 0.9916560649871826, 1.0]], "detection_scores": [0.7630553245544434, 0.48145365715026855, 0.45121341943740845, 0.4368893802165985, 0.4165326654911041, 0.4100092947483063, 0.33242669701576233]}