{"filename": "20180921_084138158_iOS.jpg", "num_detections": 13, "planes_detected": 13, "planes_shown:": 0, "detection_boxes": [[0.27602219581604004, 0.09343242645263672, 0.46124768257141113, 0.6306920647621155], [0.2918815314769745, 0.05606558918952942, 0.610450267791748, 0.9258733987808228], [0.2277405560016632, 0.005666203796863556, 0.4658786356449127, 0.18985003232955933], [0.18502750992774963, 0.0030810609459877014, 0.40137043595314026, 0.09898645430803299], [0.21248728036880493, 0.07131531834602356, 0.5458824038505554, 0.8666024208068848], [0.20023411512374878, 0.005448833107948303, 0.45402055978775024, 0.32152897119522095], [0.3051720857620239, 0.0, 0.4617472290992737, 0.14295649528503418], [0.2591037452220917, 0.4468778371810913, 0.40509214997291565, 0.5986424684524536], [0.26603734493255615, 0.3386983275413513, 0.5727449655532837, 0.9432206749916077], [0.19240787625312805, 0.027337849140167236, 0.5065455436706543, 0.6345105767250061], [0.24935013055801392, 0.1373666673898697, 0.42603129148483276, 0.5168814659118652], [0.2634119987487793, 0.7005919814109802, 0.49495673179626465, 0.923981249332428], [0.3510848879814148, 0.5490474104881287, 0.4177282452583313, 0.7735300660133362]], "detection_scores": [0.580647349357605, 0.5270493626594543, 0.5020877718925476, 0.45994168519973755, 0.434386670589447, 0.4075341522693634, 0.39595022797584534, 0.3818398714065552, 0.381204217672348, 0.3704080879688263, 0.32819148898124695, 0.30845406651496887, 0.30145809054374695]}