{"filename": "20181009_083148693_iOS.jpg", "num_detections": 38, "planes_detected": 4, "planes_shown": 1, "detection_boxes": [[0.31508868932724, 0.19450339674949646, 0.6721819043159485, 0.8572863340377808], [0.39626914262771606, 0.9695188403129578, 0.43751055002212524, 0.9981945157051086], [0.2729656994342804, 0.0486089289188385, 0.7131584882736206, 0.7196986675262451], [0.32857537269592285, 0.3925827443599701, 0.6187902092933655, 0.648417592048645]], "detection_scores": [0.7619262933731079, 0.4759395122528076, 0.37520667910575867, 0.3438092768192291]}