{"filename": "20181011_124404243_iOS.jpg", "num_detections": 39, "planes_detected": 8, "planes_shown:": 2, "detection_boxes": [[0.32348304986953735, 0.045442670583724976, 0.6525910496711731, 0.8924862146377563], [0.3384573459625244, 0.05907028913497925, 0.633314311504364, 0.5471912026405334], [0.3312124013900757, 0.045960262417793274, 0.6111706495285034, 0.3812817931175232], [0.5756803154945374, 0.0, 0.9751284718513489, 0.910704493522644], [0.44180527329444885, 0.21755969524383545, 0.6382297277450562, 0.8312574625015259], [0.7607040405273438, 0.06094607710838318, 1.0, 0.9326093196868896], [0.32260775566101074, 0.06844150274991989, 0.5587052702903748, 0.30003228783607483], [0.31511205434799194, 0.41825976967811584, 0.6275643110275269, 0.9544969797134399]], "detection_scores": [0.7246894836425781, 0.6635616421699524, 0.5322099924087524, 0.4846082627773285, 0.4633900821208954, 0.4003024995326996, 0.31569069623947144, 0.30766135454177856]}