{"filename": "20181009_093515775_iOS.jpg", "num_detections": 15, "planes_detected": 15, "planes_shown:": 0, "detection_boxes": [[0.1961704045534134, 0.1867680549621582, 0.5566818118095398, 0.9305652379989624], [0.25940704345703125, 0.3296986520290375, 0.40125197172164917, 0.4820879399776459], [0.23763541877269745, 0.2496502697467804, 0.45167630910873413, 0.7465907335281372], [0.28358331322669983, 0.07506021857261658, 0.4353584945201874, 0.2498561441898346], [0.2144950032234192, 0.042120084166526794, 0.45737606287002563, 0.4423006772994995], [0.2690182030200958, 0.343656063079834, 0.40325209498405457, 0.5516677498817444], [0.17719191312789917, 0.06779304146766663, 0.49074190855026245, 0.7434064149856567], [0.24591493606567383, 0.06997305154800415, 0.4440237879753113, 0.3419242203235626], [0.2340707778930664, 0.22705210745334625, 0.40014946460723877, 0.48143070936203003], [0.24148401618003845, 0.29863640666007996, 0.4099109470844269, 0.5190458297729492], [0.21375690400600433, 0.1683099865913391, 0.4402954578399658, 0.6395711302757263], [0.1921820491552353, 0.1614982932806015, 0.38935112953186035, 0.46836721897125244], [0.2476782500743866, 0.32745349407196045, 0.42045333981513977, 0.6218050718307495], [0.19102075695991516, 0.07388618588447571, 0.4101085364818573, 0.39004582166671753], [0.291774719953537, 0.0814066231250763, 0.41445210576057434, 0.3248729705810547]], "detection_scores": [0.5500515699386597, 0.49497097730636597, 0.47947144508361816, 0.4723990857601166, 0.4687420129776001, 0.44739603996276855, 0.4335874617099762, 0.4287990927696228, 0.3997369110584259, 0.3990155756473541, 0.3924585282802582, 0.34646713733673096, 0.3314110040664673, 0.33003509044647217, 0.3154621124267578]}