{"filename": "20181009_093533347_iOS.jpg", "num_detections": 19, "planes_detected": 4, "planes_shown:": 1, "detection_boxes": [[0.33808308839797974, 0.35303381085395813, 0.5625017285346985, 0.8705129623413086], [0.3733029365539551, 0.2512648403644562, 0.5976677536964417, 0.8148289918899536], [0.45285463333129883, 0.3051305413246155, 0.5969148874282837, 0.6129009127616882], [0.4888334274291992, 0.3255314826965332, 0.5892935991287231, 0.5682165622711182]], "detection_scores": [0.8182188272476196, 0.5654279589653015, 0.35687893629074097, 0.3089098036289215]}