{"filename": "20181009_094406590_iOS.jpg", "num_detections": 8, "planes_detected": 6, "planes_shown": 2, "detection_boxes": [[0.17723912000656128, 0.6328238248825073, 0.35618555545806885, 1.0], [0.11910559237003326, 0.192936509847641, 0.48412400484085083, 0.9015336036682129], [0.1508655995130539, 0.32669317722320557, 0.47754138708114624, 0.7787432670593262], [0.15972043573856354, 0.40862587094306946, 0.4098924398422241, 0.9209572076797485], [0.26592817902565, 0.1472448855638504, 0.3349737226963043, 0.298350989818573], [0.15546797215938568, 0.229081392288208, 0.3911619186401367, 0.7381269931793213]], "detection_scores": [0.7354369163513184, 0.6884536147117615, 0.39114832878112793, 0.37246623635292053, 0.3088688850402832, 0.3041977286338806]}