{"filename": "20180806_204334009_iOS.jpg", "num_detections": 18, "planes_detected": 5, "planes_shown:": 1, "detection_boxes": [[0.326680064201355, 0.23746860027313232, 0.611419141292572, 0.9000507593154907], [0.44926154613494873, 0.27380841970443726, 0.619015097618103, 0.7840016484260559], [0.36566540598869324, 0.28933751583099365, 0.5922217965126038, 0.7887723445892334], [0.17549213767051697, 0.19367453455924988, 0.6016156673431396, 0.9994072914123535], [0.2238476425409317, 0.5260037779808044, 0.5573954582214355, 0.9907991290092468]], "detection_scores": [0.638936460018158, 0.40096476674079895, 0.3416179120540619, 0.3386477828025818, 0.3140343129634857]}